,dataset,graph,representation,index,train accuracy,validation accuracy
0,POJ-5_TVT,llvm_histogram,all_features_O0,round2,0.9106666445732117,0.9120000004768372
1,POJ-5_TVT,ir2vec,all_features_O0_ncc_model,round2,0.20000000298023224,0.20000000298023224
2,POJ-5_TVT,ir2vec,all_features_O0,round2,0.8619999885559082,0.8880000114440918
3,POJ-5_TVT,programl,all_features_inst2vec_O0,round2,0.8486666679382324,0.8399999737739563
4,POJ-5_TVT,programl,all_features_bag_of_words_O0,round2,0.8226666450500488,0.8159999847412109
5,POJ-5_TVT,programl,all_features_ir2vec_O0,round2,0.7146666646003723,0.7099999785423279
6,POJ-5_TVT,rbp,all_features_O0,round2,0.2553333342075348,0.4259999990463257
7,POJ-5_TVT,prog2image,all_features_O0,round2,0.9913333058357239,0.8500000238418579
8,POJ-5_TVT,inst2vec,all_features_O0_ncc_model,round2,0.20533333718776703,0.20000000298023224
9,POJ-5_TVT,inst2vec,all_features_O0,round2,0.9860000014305115,0.9539999961853027
10,POJ-5_TVT,lbp,all_features_O0,round2,0.21533332765102386,0.2759999930858612
11,POJ-5_TVT,cfg,all_features_inst2vec_O0,round2,0.9179999828338623,0.9300000071525574
12,POJ-5_TVT,cfg,all_features_bag_of_words_O0,round2,0.8506666421890259,0.8560000061988831
13,POJ-5_TVT,cfg,all_features_ir2vec_O0,round2,0.7593333125114441,0.7960000038146973
14,POJ-5_TVT,cdfg_compact_single_edges,all_features_inst2vec_O0,round2,0.9020000100135803,0.9139999747276306
15,POJ-5_TVT,cdfg_compact_single_edges,all_features_bag_of_words_O0,round2,0.9440000057220459,0.9459999799728394
16,POJ-5_TVT,cdfg_compact_single_edges,all_features_ir2vec_O0,round2,0.9193333387374878,0.9240000247955322
17,POJ-5_TVT,cdfg,all_features_inst2vec_O0,round2,0.8433333039283752,0.8600000143051147
18,POJ-5_TVT,cdfg,all_features_bag_of_words_O0,round2,0.9006666541099548,0.8880000114440918
19,POJ-5_TVT,cdfg,all_features_ir2vec_O0,round2,0.8840000033378601,0.8799999952316284
20,POJ-5_TVT,cfg_compact_single_edges,all_features_inst2vec_O0,round2,0.9013333320617676,0.9139999747276306
21,POJ-5_TVT,cfg_compact_single_edges,all_features_bag_of_words_O0,round2,0.8886666893959045,0.8999999761581421
22,POJ-5_TVT,cfg_compact_single_edges,all_features_ir2vec_O0,round2,0.9206666946411133,0.9120000004768372
23,POJ-5_TVT,milepost,all_features_O0_ncc_model,round2,0.20000000298023224,0.20000000298023224
24,POJ-5_TVT,milepost,all_features_O0,round2,0.906000018119812,0.9300000071525574
25,POJ-5_TVT,cdfg_plus,all_features_inst2vec_O0,round2,0.9013333320617676,0.9100000262260437
26,POJ-5_TVT,cdfg_plus,all_features_bag_of_words_O0,round2,0.9100000262260437,0.9100000262260437
27,POJ-5_TVT,cdfg_plus,all_features_ir2vec_O0,round2,0.36000001430511475,0.4000000059604645
28,POJ-5_TVT,llvm_histogram,all_features_O0,round1,0.8740000128746033,0.8840000033378601
29,POJ-5_TVT,ir2vec,all_features_O0_ncc_model,round1,0.20000000298023224,0.20000000298023224
30,POJ-5_TVT,ir2vec,all_features_O0,round1,0.8659999966621399,0.8859999775886536
31,POJ-5_TVT,programl,all_features_inst2vec_O0,round1,0.6060000061988831,0.6299999952316284
32,POJ-5_TVT,programl,all_features_bag_of_words_O0,round1,0.6653333306312561,0.7080000042915344
33,POJ-5_TVT,programl,all_features_ir2vec_O0,round1,0.6306666731834412,0.6700000166893005
34,POJ-5_TVT,rbp,all_features_O0,round1,0.21400000154972076,0.20000000298023224
35,POJ-5_TVT,prog2image,all_features_O0,round1,0.9980000257492065,0.8519999980926514
36,POJ-5_TVT,inst2vec,all_features_O0_ncc_model,round1,0.20466665923595428,0.20000000298023224
37,POJ-5_TVT,inst2vec,all_features_O0,round1,0.9713333249092102,0.9480000138282776
38,POJ-5_TVT,lbp,all_features_O0,round1,0.20999999344348907,0.20000000298023224
39,POJ-5_TVT,cfg,all_features_inst2vec_O0,round1,0.9026666879653931,0.8880000114440918
40,POJ-5_TVT,cfg,all_features_bag_of_words_O0,round1,0.6520000100135803,0.7200000286102295
41,POJ-5_TVT,cfg,all_features_ir2vec_O0,round1,0.8173333406448364,0.8180000185966492
42,POJ-5_TVT,cdfg_compact_single_edges,all_features_inst2vec_O0,round1,0.8346666693687439,0.8700000047683716
43,POJ-5_TVT,cdfg_compact_single_edges,all_features_bag_of_words_O0,round1,0.9486666917800903,0.9459999799728394
44,POJ-5_TVT,cdfg_compact_single_edges,all_features_ir2vec_O0,round1,0.9266666769981384,0.9160000085830688
45,POJ-5_TVT,cdfg,all_features_inst2vec_O0,round1,0.8693333268165588,0.8899999856948853
46,POJ-5_TVT,cdfg,all_features_bag_of_words_O0,round1,0.859333336353302,0.8579999804496765
47,POJ-5_TVT,cdfg,all_features_ir2vec_O0,round1,0.809333324432373,0.7979999780654907
48,POJ-5_TVT,cfg_compact_single_edges,all_features_inst2vec_O0,round1,0.9440000057220459,0.9419999718666077
49,POJ-5_TVT,cfg_compact_single_edges,all_features_bag_of_words_O0,round1,0.9459999799728394,0.9520000219345093
50,POJ-5_TVT,cfg_compact_single_edges,all_features_ir2vec_O0,round1,0.9626666903495789,0.9559999704360962
51,POJ-5_TVT,milepost,all_features_O0_ncc_model,round1,0.20133332908153534,0.20000000298023224
52,POJ-5_TVT,milepost,all_features_O0,round1,0.9146666526794434,0.9380000233650208
53,POJ-5_TVT,cdfg_plus,all_features_inst2vec_O0,round1,0.8920000195503235,0.9039999842643738
54,POJ-5_TVT,cdfg_plus,all_features_bag_of_words_O0,round1,0.7020000219345093,0.7459999918937683
55,POJ-5_TVT,cdfg_plus,all_features_ir2vec_O0,round1,0.7099999785423279,0.7419999837875366
56,POJ-5_TVT,llvm_histogram,all_features_O0,round3,0.8799999952316284,0.8820000290870667
57,POJ-5_TVT,ir2vec,all_features_O0_ncc_model,round3,0.20000000298023224,0.20000000298023224
58,POJ-5_TVT,ir2vec,all_features_O0,round3,0.8793333172798157,0.8859999775886536
59,POJ-5_TVT,programl,all_features_inst2vec_O0,round3,0.8166666626930237,0.8180000185966492
60,POJ-5_TVT,programl,all_features_bag_of_words_O0,round3,0.8926666378974915,0.8799999952316284
61,POJ-5_TVT,programl,all_features_ir2vec_O0,round3,0.7839999794960022,0.7639999985694885
62,POJ-5_TVT,rbp,all_features_O0,round3,0.23266667127609253,0.39399999380111694
63,POJ-5_TVT,prog2image,all_features_O0,round3,0.9986666440963745,0.8579999804496765
64,POJ-5_TVT,inst2vec,all_features_O0_ncc_model,round3,0.20533333718776703,0.20200000703334808
65,POJ-5_TVT,inst2vec,all_features_O0,round3,0.9973333477973938,0.9559999704360962
66,POJ-5_TVT,lbp,all_features_O0,round3,0.2160000056028366,0.27799999713897705
67,POJ-5_TVT,cfg,all_features_inst2vec_O0,round3,0.8686666488647461,0.8880000114440918
68,POJ-5_TVT,cfg,all_features_bag_of_words_O0,round3,0.8926666378974915,0.9020000100135803
69,POJ-5_TVT,cfg,all_features_ir2vec_O0,round3,0.6940000057220459,0.7519999742507935
70,POJ-5_TVT,cdfg_compact_single_edges,all_features_inst2vec_O0,round3,0.8659999966621399,0.8679999709129333
71,POJ-5_TVT,cdfg_compact_single_edges,all_features_bag_of_words_O0,round3,0.940666675567627,0.9380000233650208
72,POJ-5_TVT,cdfg_compact_single_edges,all_features_ir2vec_O0,round3,0.9353333115577698,0.921999990940094
73,POJ-5_TVT,cdfg,all_features_inst2vec_O0,round3,0.9126666784286499,0.9440000057220459
74,POJ-5_TVT,cdfg,all_features_bag_of_words_O0,round3,0.8799999952316284,0.8820000290870667
75,POJ-5_TVT,cdfg,all_features_ir2vec_O0,round3,0.8880000114440918,0.8939999938011169
76,POJ-5_TVT,cfg_compact_single_edges,all_features_inst2vec_O0,round3,0.9466666579246521,0.9559999704360962
77,POJ-5_TVT,cfg_compact_single_edges,all_features_bag_of_words_O0,round3,0.8960000276565552,0.8999999761581421
78,POJ-5_TVT,cfg_compact_single_edges,all_features_ir2vec_O0,round3,0.9393333196640015,0.9380000233650208
79,POJ-5_TVT,milepost,all_features_O0_ncc_model,round3,0.20000000298023224,0.20000000298023224
80,POJ-5_TVT,milepost,all_features_O0,round3,0.8786666393280029,0.9020000100135803
81,POJ-5_TVT,cdfg_plus,all_features_inst2vec_O0,round3,0.7333333492279053,0.7620000243186951
82,POJ-5_TVT,cdfg_plus,all_features_bag_of_words_O0,round3,0.8820000290870667,0.8740000128746033
83,POJ-5_TVT,cdfg_plus,all_features_ir2vec_O0,round3,0.2866666615009308,0.3499999940395355
84,POJ50C_TVT,llvm_histogram,all_features_O0_50C,round2,0.758400022983551,0.7925999760627747
85,POJ50C_TVT,rbp,all_features_O0_50C,round2,0.10239999741315842,0.1565999984741211
86,POJ50C_TVT,ir2vec.program,all_features_O0_50C,round2,0.7131999731063843,0.7847999930381775
87,POJ50C_TVT,prog2image,all_features_O0_50C,round2,0.8606666922569275,0.6233999729156494
88,POJ50C_TVT,inst2vec.lower,all_features_O0_50C,round2,0.6690666675567627,0.8313999772071838
89,POJ50C_TVT,lbp,all_features_O0_50C,round2,0.02160000056028366,0.0272000003606081
90,POJ50C_TVT,milepost,all_features_O0_50C,round2,0.7050666809082031,0.7748000025749207
91,POJ50C_TVT,llvm_histogram,all_features_O0_50C,round1,0.7734000086784363,0.8058000206947327
92,POJ50C_TVT,rbp,all_features_O0_50C,round1,0.11593333631753922,0.1509999930858612
93,POJ50C_TVT,ir2vec.program,all_features_O0_50C,round1,0.7077999711036682,0.7853999733924866
94,POJ50C_TVT,prog2image,all_features_O0_50C,round1,0.8758666515350342,0.6322000026702881
95,POJ50C_TVT,inst2vec.lower,all_features_O0_50C,round1,0.5498666763305664,0.7918000221252441
96,POJ50C_TVT,lbp,all_features_O0_50C,round1,0.022199999541044235,0.027799999341368675
97,POJ50C_TVT,milepost,all_features_O0_50C,round1,0.7210666537284851,0.7793999910354614
98,POJ50C_TVT,llvm_histogram,all_features_O0_50C,round3,0.7643333077430725,0.8032000064849854
99,POJ50C_TVT,rbp,all_features_O0_50C,round3,0.14613333344459534,0.2070000022649765
100,POJ50C_TVT,ir2vec.program,all_features_O0_50C,round3,0.7292666435241699,0.7946000099182129
101,POJ50C_TVT,prog2image,all_features_O0_50C,round3,0.8515333533287048,0.6263999938964844
102,POJ50C_TVT,inst2vec.lower,all_features_O0_50C,round3,0.5695333480834961,0.8077999949455261
103,POJ50C_TVT,lbp,all_features_O0_50C,round3,0.02133333310484886,0.019999999552965164
104,POJ50C_TVT,milepost,all_features_O0_50C,round3,0.725600004196167,0.7900000214576721
105,AnghaBestSeqsSBLP2021_500_inst2vec_TVT,cfgcallcompact1enoroot,all_features_inst2vec_O0,round2,0.3293333351612091,0.30799999833106995
106,AnghaBestSeqsSBLP2021_500_inst2vec_TVT,cfgcallcompact1enoroot,all_features_bag_of_words_O0,round2,0.2906666696071625,0.2800000011920929
107,AnghaBestSeqsSBLP2021_500_inst2vec_TVT,cfgcallcompact1enoroot,all_features_ir2vec_O0,round2,0.3186666667461395,0.30399999022483826
108,AnghaBestSeqsSBLP2021_500_inst2vec_TVT,llvm_histogram,all_features_O0,round2,0.41066667437553406,0.34599998593330383
109,AnghaBestSeqsSBLP2021_500_inst2vec_TVT,programl,all_features_inst2vec_O0,round2,0.22066666185855865,0.23800000548362732
110,AnghaBestSeqsSBLP2021_500_inst2vec_TVT,programl,all_features_bag_of_words_O0,round2,0.2913333475589752,0.26600000262260437
111,AnghaBestSeqsSBLP2021_500_inst2vec_TVT,programl,all_features_ir2vec_O0,round2,0.23733332753181458,0.24400000274181366
112,AnghaBestSeqsSBLP2021_500_inst2vec_TVT,rbp,all_features_O0,round2,0.22599999606609344,0.25200000405311584
113,AnghaBestSeqsSBLP2021_500_inst2vec_TVT,ir2vec.program,all_features_O0,round2,0.3153333365917206,0.3240000009536743
114,AnghaBestSeqsSBLP2021_500_inst2vec_TVT,prog2image,all_features_O0,round2,0.8546666502952576,0.2879999876022339
115,AnghaBestSeqsSBLP2021_500_inst2vec_TVT,inst2vec.lower,all_features_O0,round2,0.22066666185855865,0.2240000069141388
116,AnghaBestSeqsSBLP2021_500_inst2vec_TVT,cdfgcallcompact1enoroot,all_features_inst2vec_O0,round2,0.3113333284854889,0.26600000262260437
117,AnghaBestSeqsSBLP2021_500_inst2vec_TVT,cdfgcallcompact1enoroot,all_features_bag_of_words_O0,round2,0.3919999897480011,0.30399999022483826
118,AnghaBestSeqsSBLP2021_500_inst2vec_TVT,cdfgcallcompact1enoroot,all_features_ir2vec_O0,round2,0.3213333189487457,0.3019999861717224
119,AnghaBestSeqsSBLP2021_500_inst2vec_TVT,cfgcallnoroot,all_features_inst2vec_O0,round2,0.2840000092983246,0.2759999930858612
120,AnghaBestSeqsSBLP2021_500_inst2vec_TVT,cfgcallnoroot,all_features_ir2vec_O0,round2,0.23266667127609253,0.22200000286102295
121,AnghaBestSeqsSBLP2021_500_inst2vec_TVT,cfgcallnoroot,all_features_bag_of_words,round2,0.2853333353996277,0.30000001192092896
122,AnghaBestSeqsSBLP2021_500_inst2vec_TVT,inst2vec,all_features_O0,round2,0.21199999749660492,0.20000000298023224
123,AnghaBestSeqsSBLP2021_500_inst2vec_TVT,lbp,all_features_O0,round2,0.23333333432674408,0.23600000143051147
124,AnghaBestSeqsSBLP2021_500_inst2vec_TVT,milepost,all_features_O0,round2,0.3153333365917206,0.2939999997615814
125,AnghaBestSeqsSBLP2021_500_inst2vec_TVT,cdfgcallnoroot,all_features_inst2vec_O0,round2,0.23466666042804718,0.2460000067949295
126,AnghaBestSeqsSBLP2021_500_inst2vec_TVT,cdfgcallnoroot,all_features_bag_of_words_O0,round2,0.2939999997615814,0.27000001072883606
127,AnghaBestSeqsSBLP2021_500_inst2vec_TVT,cdfgcallnoroot,all_features_ir2vec_O0,round2,0.28600001335144043,0.28999999165534973
128,AnghaBestSeqsSBLP2021_500_inst2vec_TVT,cdfg_plus,all_features_inst2vec_O0,round2,0.2540000081062317,0.23399999737739563
129,AnghaBestSeqsSBLP2021_500_inst2vec_TVT,cdfg_plus,all_features_bag_of_words_O0,round2,0.2540000081062317,0.2720000147819519
130,AnghaBestSeqsSBLP2021_500_inst2vec_TVT,cdfg_plus,all_features_ir2vec_O0,round2,0.22066666185855865,0.24400000274181366
131,AnghaBestSeqsSBLP2021_500_inst2vec_TVT,cfgcallcompact1enoroot,all_features_inst2vec_O0,round1,0.3293333351612091,0.3019999861717224
132,AnghaBestSeqsSBLP2021_500_inst2vec_TVT,cfgcallcompact1enoroot,all_features_bag_of_words_O0,round1,0.31933334469795227,0.28600001335144043
133,AnghaBestSeqsSBLP2021_500_inst2vec_TVT,cfgcallcompact1enoroot,all_features_ir2vec_O0,round1,0.2939999997615814,0.3140000104904175
134,AnghaBestSeqsSBLP2021_500_inst2vec_TVT,llvm_histogram,all_features_O0,round1,0.38733333349227905,0.3479999899864197
135,AnghaBestSeqsSBLP2021_500_inst2vec_TVT,programl,all_features_inst2vec_O0,round1,0.2919999957084656,0.27000001072883606
136,AnghaBestSeqsSBLP2021_500_inst2vec_TVT,programl,all_features_bag_of_words_O0,round1,0.28733333945274353,0.27000001072883606
137,AnghaBestSeqsSBLP2021_500_inst2vec_TVT,programl,all_features_ir2vec_O0,round1,0.22466666996479034,0.2460000067949295
138,AnghaBestSeqsSBLP2021_500_inst2vec_TVT,rbp,all_features_O0,round1,0.2199999988079071,0.2199999988079071
139,AnghaBestSeqsSBLP2021_500_inst2vec_TVT,ir2vec.program,all_features_O0,round1,0.437333345413208,0.3840000033378601
140,AnghaBestSeqsSBLP2021_500_inst2vec_TVT,prog2image,all_features_O0,round1,0.9893333315849304,0.3100000023841858
141,AnghaBestSeqsSBLP2021_500_inst2vec_TVT,inst2vec.lower,all_features_O0,round1,0.23466666042804718,0.23399999737739563
142,AnghaBestSeqsSBLP2021_500_inst2vec_TVT,cdfgcallcompact1enoroot,all_features_inst2vec_O0,round1,0.27133333683013916,0.27000001072883606
143,AnghaBestSeqsSBLP2021_500_inst2vec_TVT,cdfgcallcompact1enoroot,all_features_bag_of_words_O0,round1,0.33000001311302185,0.32199999690055847
144,AnghaBestSeqsSBLP2021_500_inst2vec_TVT,cdfgcallcompact1enoroot,all_features_ir2vec_O0,round1,0.31333333253860474,0.27399998903274536
145,AnghaBestSeqsSBLP2021_500_inst2vec_TVT,cfgcallnoroot,all_features_inst2vec_O0,round1,0.26733332872390747,0.2460000067949295
146,AnghaBestSeqsSBLP2021_500_inst2vec_TVT,cfgcallnoroot,all_features_ir2vec_O0,round1,0.2633333206176758,0.257999986410141
147,AnghaBestSeqsSBLP2021_500_inst2vec_TVT,cfgcallnoroot,all_features_bag_of_words,round1,0.30133333802223206,0.27799999713897705
148,AnghaBestSeqsSBLP2021_500_inst2vec_TVT,inst2vec,all_features_O0,round1,0.20733332633972168,0.20000000298023224
149,AnghaBestSeqsSBLP2021_500_inst2vec_TVT,lbp,all_features_O0,round1,0.21799999475479126,0.21199999749660492
150,AnghaBestSeqsSBLP2021_500_inst2vec_TVT,milepost,all_features_O0,round1,0.28733333945274353,0.2939999997615814
151,AnghaBestSeqsSBLP2021_500_inst2vec_TVT,cfgcallcompactnoroot,all_features_bag_of_words_O0,round1,0.34200000762939453,0.31200000643730164
152,AnghaBestSeqsSBLP2021_500_inst2vec_TVT,cdfgcallnoroot,all_features_inst2vec_O0,round1,0.2639999985694885,0.2460000067949295
153,AnghaBestSeqsSBLP2021_500_inst2vec_TVT,cdfgcallnoroot,all_features_bag_of_words_O0,round1,0.3086666762828827,0.2919999957084656
154,AnghaBestSeqsSBLP2021_500_inst2vec_TVT,cdfgcallnoroot,all_features_ir2vec_O0,round1,0.2840000092983246,0.26600000262260437
155,AnghaBestSeqsSBLP2021_500_inst2vec_TVT,cdfg_plus,all_features_inst2vec_O0,round1,0.21466666460037231,0.2280000001192093
156,AnghaBestSeqsSBLP2021_500_inst2vec_TVT,cdfg_plus,all_features_bag_of_words_O0,round1,0.2606666684150696,0.2619999945163727
157,AnghaBestSeqsSBLP2021_500_inst2vec_TVT,cdfg_plus,all_features_ir2vec_O0,round1,0.20800000429153442,0.2280000001192093
158,AnghaBestSeqsSBLP2021_500_inst2vec_TVT,cfgcallcompact1enoroot,all_features_inst2vec_O0,round3,0.3453333377838135,0.3059999942779541
159,AnghaBestSeqsSBLP2021_500_inst2vec_TVT,cfgcallcompact1enoroot,all_features_bag_of_words_O0,round3,0.30933332443237305,0.2840000092983246
160,AnghaBestSeqsSBLP2021_500_inst2vec_TVT,cfgcallcompact1enoroot,all_features_ir2vec_O0,round3,0.2919999957084656,0.3019999861717224
161,AnghaBestSeqsSBLP2021_500_inst2vec_TVT,llvm_histogram,all_features_O0,round3,0.44200000166893005,0.36000001430511475
162,AnghaBestSeqsSBLP2021_500_inst2vec_TVT,programl,all_features_inst2vec_O0,round3,0.26466667652130127,0.25200000405311584
163,AnghaBestSeqsSBLP2021_500_inst2vec_TVT,programl,all_features_bag_of_words_O0,round3,0.27000001072883606,0.24400000274181366
164,AnghaBestSeqsSBLP2021_500_inst2vec_TVT,programl,all_features_ir2vec_O0,round3,0.2513333261013031,0.25999999046325684
165,AnghaBestSeqsSBLP2021_500_inst2vec_TVT,rbp,all_features_O0,round3,0.2460000067949295,0.23999999463558197
166,AnghaBestSeqsSBLP2021_500_inst2vec_TVT,ir2vec.program,all_features_O0,round3,0.382666677236557,0.33799999952316284
167,AnghaBestSeqsSBLP2021_500_inst2vec_TVT,prog2image,all_features_O0,round3,0.9313333630561829,0.3100000023841858
168,AnghaBestSeqsSBLP2021_500_inst2vec_TVT,inst2vec.lower,all_features_O0,round3,0.24199999868869781,0.24199999868869781
169,AnghaBestSeqsSBLP2021_500_inst2vec_TVT,cdfgcallcompact1enoroot,all_features_inst2vec_O0,round3,0.28999999165534973,0.25600001215934753
170,AnghaBestSeqsSBLP2021_500_inst2vec_TVT,cdfgcallcompact1enoroot,all_features_bag_of_words_O0,round3,0.34466665983200073,0.3059999942779541
171,AnghaBestSeqsSBLP2021_500_inst2vec_TVT,cdfgcallcompact1enoroot,all_features_ir2vec_O0,round3,0.28999999165534973,0.3199999928474426
172,AnghaBestSeqsSBLP2021_500_inst2vec_TVT,cfgcallnoroot,all_features_inst2vec_O0,round3,0.22866666316986084,0.2240000069141388
173,AnghaBestSeqsSBLP2021_500_inst2vec_TVT,cfgcallnoroot,all_features_ir2vec_O0,round3,0.30533334612846375,0.29600000381469727
174,AnghaBestSeqsSBLP2021_500_inst2vec_TVT,cfgcallnoroot,all_features_bag_of_words,round3,0.281333327293396,0.2680000066757202
175,AnghaBestSeqsSBLP2021_500_inst2vec_TVT,inst2vec,all_features_O0,round3,0.21933333575725555,0.20000000298023224
176,AnghaBestSeqsSBLP2021_500_inst2vec_TVT,lbp,all_features_O0,round3,0.2213333398103714,0.2199999988079071
177,AnghaBestSeqsSBLP2021_500_inst2vec_TVT,milepost,all_features_O0,round3,0.3199999928474426,0.3240000009536743
178,AnghaBestSeqsSBLP2021_500_inst2vec_TVT,cdfgcallnoroot,all_features_inst2vec_O0,round3,0.3100000023841858,0.2759999930858612
179,AnghaBestSeqsSBLP2021_500_inst2vec_TVT,cdfgcallnoroot,all_features_bag_of_words_O0,round3,0.2619999945163727,0.23399999737739563
180,AnghaBestSeqsSBLP2021_500_inst2vec_TVT,cdfgcallnoroot,all_features_ir2vec_O0,round3,0.28999999165534973,0.2919999957084656
181,AnghaBestSeqsSBLP2021_500_inst2vec_TVT,cdfg_plus,all_features_inst2vec_O0,round3,0.22599999606609344,0.23600000143051147
182,AnghaBestSeqsSBLP2021_500_inst2vec_TVT,cdfg_plus,all_features_bag_of_words_O0,round3,0.25200000405311584,0.24400000274181366
183,AnghaBestSeqsSBLP2021_500_inst2vec_TVT,cdfg_plus,all_features_ir2vec_O0,round3,0.23733332753181458,0.2639999985694885
184,CodeNetBestSeqsSBLP2021_TVT,programlnoroot,all_features_inst2vec_O0,round2,0.8613333106040955,0.8640000224113464
185,CodeNetBestSeqsSBLP2021_TVT,programlnoroot,all_features_bag_of_words_O0,round2,0.746666669845581,0.8420000076293945
186,CodeNetBestSeqsSBLP2021_TVT,programlnoroot,all_features_ir2vec_O0,round2,0.6713333129882812,0.7599999904632568
187,CodeNetBestSeqsSBLP2021_TVT,cfgcallcompact1enoroot,all_features_inst2vec_O0,round2,0.9246666431427002,0.9300000071525574
188,CodeNetBestSeqsSBLP2021_TVT,cfgcallcompact1enoroot,all_features_bag_of_words_O0,round2,0.9693333506584167,0.9679999947547913
189,CodeNetBestSeqsSBLP2021_TVT,cfgcallcompact1enoroot,all_features_ir2vec_O0,round2,0.8453333377838135,0.8820000290870667
190,CodeNetBestSeqsSBLP2021_TVT,llvm_histogram,all_features_O0,round2,0.9693333506584167,0.9679999947547913
191,CodeNetBestSeqsSBLP2021_TVT,rbp,all_features_O0,round2,0.7066666483879089,0.8080000281333923
192,CodeNetBestSeqsSBLP2021_TVT,ir2vec.program,all_features_O0,round2,0.9459999799728394,0.9599999785423279
193,CodeNetBestSeqsSBLP2021_TVT,prog2image,all_features_O0,round2,0.9986666440963745,0.9179999828338623
194,CodeNetBestSeqsSBLP2021_TVT,inst2vec.lower,all_features_O0,round2,0.8953333497047424,0.949999988079071
195,CodeNetBestSeqsSBLP2021_TVT,cdfgcallcompact1enoroot,all_features_inst2vec_O0,round2,0.8993333578109741,0.906000018119812
196,CodeNetBestSeqsSBLP2021_TVT,cdfgcallcompact1enoroot,all_features_bag_of_words_O0,round2,0.9440000057220459,0.9419999718666077
197,CodeNetBestSeqsSBLP2021_TVT,cdfgcallcompact1enoroot,all_features_ir2vec_O0,round2,0.8119999766349792,0.8700000047683716
198,CodeNetBestSeqsSBLP2021_TVT,cfgcallnoroot,all_features_inst2vec_O0,round2,0.9166666865348816,0.9200000166893005
199,CodeNetBestSeqsSBLP2021_TVT,cfgcallnoroot,all_features_bag_of_words_O0,round2,0.7886666655540466,0.8360000252723694
200,CodeNetBestSeqsSBLP2021_TVT,cfgcallnoroot,all_features_ir2vec_O0,round2,0.8186666369438171,0.8799999952316284
201,CodeNetBestSeqsSBLP2021_TVT,inst2vec,all_features_O0,round2,0.9773333072662354,0.9580000042915344
202,CodeNetBestSeqsSBLP2021_TVT,lbp,all_features_O0,round2,0.7260000109672546,0.7960000038146973
203,CodeNetBestSeqsSBLP2021_TVT,cdfgplusnoroot,all_features_inst2vec_O0,round2,0.5426666736602783,0.6460000276565552
204,CodeNetBestSeqsSBLP2021_TVT,cdfgplusnoroot,all_features_bag_of_words_O0,round2,0.6386666893959045,0.7860000133514404
205,CodeNetBestSeqsSBLP2021_TVT,cdfgplusnoroot,all_features_ir2vec_O0,round2,0.7773333191871643,0.8220000267028809
206,CodeNetBestSeqsSBLP2021_TVT,milepost,all_features_O0,round2,0.9340000152587891,0.9359999895095825
207,CodeNetBestSeqsSBLP2021_TVT,cdfgcallnoroot,all_features_inst2vec_O0,round2,0.8246666789054871,0.8199999928474426
208,CodeNetBestSeqsSBLP2021_TVT,cdfgcallnoroot,all_features_bag_of_words_O0,round2,0.8640000224113464,0.8840000033378601
209,CodeNetBestSeqsSBLP2021_TVT,cdfgcallnoroot,all_features_ir2vec_O0,round2,0.8859999775886536,0.8999999761581421
210,CodeNetBestSeqsSBLP2021_TVT,programlnoroot,all_features_inst2vec_O0,round1,0.737333357334137,0.7739999890327454
211,CodeNetBestSeqsSBLP2021_TVT,programlnoroot,all_features_bag_of_words_O0,round1,0.8080000281333923,0.8479999899864197
212,CodeNetBestSeqsSBLP2021_TVT,programlnoroot,all_features_ir2vec_O0,round1,0.8573333621025085,0.8740000128746033
213,CodeNetBestSeqsSBLP2021_TVT,cfgcallcompact1enoroot,all_features_inst2vec_O0,round1,0.8946666717529297,0.9300000071525574
214,CodeNetBestSeqsSBLP2021_TVT,cfgcallcompact1enoroot,all_features_bag_of_words_O0,round1,0.874666690826416,0.9020000100135803
215,CodeNetBestSeqsSBLP2021_TVT,cfgcallcompact1enoroot,all_features_ir2vec_O0,round1,0.8679999709129333,0.8880000114440918
216,CodeNetBestSeqsSBLP2021_TVT,llvm_histogram,all_features_O0,round1,0.9633333086967468,0.9639999866485596
217,CodeNetBestSeqsSBLP2021_TVT,rbp,all_features_O0,round1,0.4673333466053009,0.6259999871253967
218,CodeNetBestSeqsSBLP2021_TVT,ir2vec.program,all_features_O0,round1,0.9566666483879089,0.9620000123977661
219,CodeNetBestSeqsSBLP2021_TVT,prog2image,all_features_O0,round1,0.9980000257492065,0.9259999990463257
220,CodeNetBestSeqsSBLP2021_TVT,inst2vec.lower,all_features_O0,round1,0.828000009059906,0.921999990940094
221,CodeNetBestSeqsSBLP2021_TVT,cdfgcallcompact1enoroot,all_features_inst2vec_O0,round1,0.8926666378974915,0.9079999923706055
222,CodeNetBestSeqsSBLP2021_TVT,cdfgcallcompact1enoroot,all_features_bag_of_words_O0,round1,0.8986666798591614,0.921999990940094
223,CodeNetBestSeqsSBLP2021_TVT,cdfgcallcompact1enoroot,all_features_ir2vec_O0,round1,0.8360000252723694,0.8799999952316284
224,CodeNetBestSeqsSBLP2021_TVT,cfgcallnoroot,all_features_inst2vec_O0,round1,0.9013333320617676,0.9319999814033508
225,CodeNetBestSeqsSBLP2021_TVT,cfgcallnoroot,all_features_bag_of_words_O0,round1,0.5766666531562805,0.6779999732971191
226,CodeNetBestSeqsSBLP2021_TVT,cfgcallnoroot,all_features_ir2vec_O0,round1,0.8486666679382324,0.878000020980835
227,CodeNetBestSeqsSBLP2021_TVT,inst2vec,all_features_O0,round1,0.9866666793823242,0.9620000123977661
228,CodeNetBestSeqsSBLP2021_TVT,lbp,all_features_O0,round1,0.690666675567627,0.7940000295639038
229,CodeNetBestSeqsSBLP2021_TVT,cdfgplusnoroot,all_features_inst2vec_O0,round1,0.7620000243186951,0.8360000252723694
230,CodeNetBestSeqsSBLP2021_TVT,cdfgplusnoroot,all_features_bag_of_words_O0,round1,0.7699999809265137,0.8679999709129333
231,CodeNetBestSeqsSBLP2021_TVT,cdfgplusnoroot,all_features_ir2vec_O0,round1,0.5793333053588867,0.6399999856948853
232,CodeNetBestSeqsSBLP2021_TVT,milepost,all_features_O0,round1,0.9279999732971191,0.9459999799728394
233,CodeNetBestSeqsSBLP2021_TVT,cdfgcallnoroot,all_features_inst2vec_O0,round1,0.9553333520889282,0.949999988079071
234,CodeNetBestSeqsSBLP2021_TVT,cdfgcallnoroot,all_features_bag_of_words_O0,round1,0.7613333463668823,0.8320000171661377
235,CodeNetBestSeqsSBLP2021_TVT,cdfgcallnoroot,all_features_ir2vec_O0,round1,0.8633333444595337,0.8859999775886536
236,CodeNetBestSeqsSBLP2021_TVT,programlnoroot,all_features_inst2vec_O0,round3,0.8140000104904175,0.8640000224113464
237,CodeNetBestSeqsSBLP2021_TVT,programlnoroot,all_features_bag_of_words_O0,round3,0.8479999899864197,0.8840000033378601
238,CodeNetBestSeqsSBLP2021_TVT,programlnoroot,all_features_ir2vec_O0,round3,0.8880000114440918,0.9179999828338623
239,CodeNetBestSeqsSBLP2021_TVT,cfgcallcompact1enoroot,all_features_inst2vec_O0,round3,0.8286666870117188,0.9279999732971191
240,CodeNetBestSeqsSBLP2021_TVT,cfgcallcompact1enoroot,all_features_bag_of_words_O0,round3,0.8146666884422302,0.8960000276565552
241,CodeNetBestSeqsSBLP2021_TVT,cfgcallcompact1enoroot,all_features_ir2vec_O0,round3,0.8726666569709778,0.9160000085830688
242,CodeNetBestSeqsSBLP2021_TVT,llvm_histogram,all_features_O0,round3,0.9700000286102295,0.9660000205039978
243,CodeNetBestSeqsSBLP2021_TVT,rbp,all_features_O0,round3,0.4740000069141388,0.5519999861717224
244,CodeNetBestSeqsSBLP2021_TVT,ir2vec.program,all_features_O0,round3,0.9559999704360962,0.9580000042915344
245,CodeNetBestSeqsSBLP2021_TVT,prog2image,all_features_O0,round3,1.0,0.9340000152587891
246,CodeNetBestSeqsSBLP2021_TVT,inst2vec.lower,all_features_O0,round3,0.8586666584014893,0.9240000247955322
247,CodeNetBestSeqsSBLP2021_TVT,cdfgcallcompact1enoroot,all_features_inst2vec_O0,round3,0.937333345413208,0.9399999976158142
248,CodeNetBestSeqsSBLP2021_TVT,cdfgcallcompact1enoroot,all_features_bag_of_words_O0,round3,0.8713333606719971,0.9160000085830688
249,CodeNetBestSeqsSBLP2021_TVT,cdfgcallcompact1enoroot,all_features_ir2vec_O0,round3,0.9213333129882812,0.9259999990463257
250,CodeNetBestSeqsSBLP2021_TVT,cfgcallnoroot,all_features_inst2vec_O0,round3,0.781333327293396,0.7699999809265137
251,CodeNetBestSeqsSBLP2021_TVT,cfgcallnoroot,all_features_bag_of_words_O0,round3,0.878000020980835,0.871999979019165
252,CodeNetBestSeqsSBLP2021_TVT,cfgcallnoroot,all_features_ir2vec_O0,round3,0.8833333253860474,0.8939999938011169
253,CodeNetBestSeqsSBLP2021_TVT,inst2vec,all_features_O0,round3,0.9779999852180481,0.9599999785423279
254,CodeNetBestSeqsSBLP2021_TVT,lbp,all_features_O0,round3,0.4633333384990692,0.5680000185966492
255,CodeNetBestSeqsSBLP2021_TVT,cdfgplusnoroot,all_features_inst2vec_O0,round3,0.8059999942779541,0.8539999723434448
256,CodeNetBestSeqsSBLP2021_TVT,cdfgplusnoroot,all_features_bag_of_words_O0,round3,0.8193333148956299,0.8220000267028809
257,CodeNetBestSeqsSBLP2021_TVT,cdfgplusnoroot,all_features_ir2vec_O0,round3,0.46666666865348816,0.6620000004768372
258,CodeNetBestSeqsSBLP2021_TVT,milepost,all_features_O0,round3,0.9313333630561829,0.9399999976158142
259,CodeNetBestSeqsSBLP2021_TVT,cdfgcallnoroot,all_features_inst2vec_O0,round3,0.7913333177566528,0.7860000133514404
260,CodeNetBestSeqsSBLP2021_TVT,cdfgcallnoroot,all_features_bag_of_words_O0,round3,0.840666651725769,0.9179999828338623
261,CodeNetBestSeqsSBLP2021_TVT,cdfgcallnoroot,all_features_ir2vec_O0,round3,0.9086666703224182,0.9039999842643738
262,AnghaLoops_TVT,programlnoroot,all_features_inst2vec_O0,round2,0.3055555522441864,0.2958333194255829
263,AnghaLoops_TVT,programlnoroot,all_features_bag_of_words_O0,round2,0.3499999940395355,0.2874999940395355
264,AnghaLoops_TVT,programlnoroot,all_features_ir2vec_O0,round2,0.2944444417953491,0.3083333373069763
265,AnghaLoops_TVT,cfgcallcompact1enoroot,all_features_inst2vec_O0,round2,0.3791666626930237,0.375
266,AnghaLoops_TVT,cfgcallcompact1enoroot,all_features_bag_of_words_O0,round2,0.43888887763023376,0.44583332538604736
267,AnghaLoops_TVT,cfgcallcompact1enoroot,all_features_ir2vec_O0,round2,0.4236111044883728,0.40416666865348816
268,AnghaLoops_TVT,llvm_histogram,all_features_O0,round2,0.46666666865348816,0.4375
269,AnghaLoops_TVT,rbp,all_features_O0,round2,0.33194443583488464,0.3499999940395355
270,AnghaLoops_TVT,ir2vec.program,all_features_O0,round2,0.4861111044883728,0.4166666567325592
271,AnghaLoops_TVT,prog2image,all_features_O0,round2,0.2597222328186035,0.2541666626930237
272,AnghaLoops_TVT,cdfgcallcompact1enoroot,all_features_inst2vec_O0,round2,0.4541666805744171,0.4000000059604645
273,AnghaLoops_TVT,cdfgcallcompact1enoroot,all_features_bag_of_words_O0,round2,0.4333333373069763,0.3791666626930237
274,AnghaLoops_TVT,cdfgcallcompact1enoroot,all_features_ir2vec_O0,round2,0.4263888895511627,0.42500001192092896
275,AnghaLoops_TVT,cfgcallnoroot,all_features_inst2vec_O0,round2,0.38055557012557983,0.34583333134651184
276,AnghaLoops_TVT,cfgcallnoroot,all_features_ir2vec_O0,round2,0.27638888359069824,0.26249998807907104
277,AnghaLoops_TVT,cfgcallnoroot,all_features_bag_of_words,round2,0.4375,0.4625000059604645
278,AnghaLoops_TVT,lbp,all_features_O0,round2,0.28333333134651184,0.2750000059604645
279,AnghaLoops_TVT,cdfgplusnoroot,all_features_inst2vec_O0,round2,0.27222222089767456,0.27916666865348816
280,AnghaLoops_TVT,cdfgplusnoroot,all_features_bag_of_words_O0,round2,0.3333333432674408,0.3375000059604645
281,AnghaLoops_TVT,cdfgplusnoroot,all_features_ir2vec_O0,round2,0.29305556416511536,0.3291666805744171
282,AnghaLoops_TVT,milepost,all_features_O0,round2,0.3611111044883728,0.3916666805744171
283,AnghaLoops_TVT,cfgcallcompactnoroot,all_features_bag_of_words_O0,round2,0.43888887763023376,0.3916666805744171
284,AnghaLoops_TVT,cdfgcallnoroot,all_features_inst2vec_O0,round2,0.2916666567325592,0.30000001192092896
285,AnghaLoops_TVT,cdfgcallnoroot,all_features_bag_of_words_O0,round2,0.38055557012557983,0.3499999940395355
286,AnghaLoops_TVT,cdfgcallnoroot,all_features_ir2vec_O0,round2,0.26944443583488464,0.2958333194255829
287,AnghaLoops_TVT,cfgcallcompact1enoroot,all_features_inst2vec_O0,round1,0.4027777910232544,0.40416666865348816
288,AnghaLoops_TVT,cfgcallcompact1enoroot,all_features_bag_of_words_O0,round1,0.4680555462837219,0.4625000059604645
289,AnghaLoops_TVT,cfgcallcompact1enoroot,all_features_ir2vec_O0,round1,0.41527777910232544,0.38333332538604736
290,AnghaLoops_TVT,llvm_histogram,all_features_O0,round1,0.44305557012557983,0.3916666805744171
291,AnghaLoops_TVT,programl,all_features_inst2vec_O0,round1,0.27638888359069824,0.28333333134651184
292,AnghaLoops_TVT,programl,all_features_bag_of_words_O0,round1,0.375,0.32083332538604736
293,AnghaLoops_TVT,programl,all_features_ir2vec_O0,round1,0.27222222089767456,0.2708333432674408
294,AnghaLoops_TVT,rbp,all_features_O0,round1,0.31805557012557983,0.3291666805744171
295,AnghaLoops_TVT,ir2vec.program,all_features_O0,round1,0.4055555462837219,0.3708333373069763
296,AnghaLoops_TVT,prog2image,all_features_O0,round1,0.6597222089767456,0.3375000059604645
297,AnghaLoops_TVT,cdfgcallcompact1enoroot,all_features_inst2vec_O0,round1,0.4347222149372101,0.42500001192092896
298,AnghaLoops_TVT,cdfgcallcompact1enoroot,all_features_bag_of_words_O0,round1,0.45972222089767456,0.4333333373069763
299,AnghaLoops_TVT,cdfgcallcompact1enoroot,all_features_ir2vec_O0,round1,0.4763889014720917,0.46666666865348816
300,AnghaLoops_TVT,cfgcallnoroot,all_features_inst2vec_O0,round1,0.3361110985279083,0.32499998807907104
301,AnghaLoops_TVT,cfgcallnoroot,all_features_ir2vec_O0,round1,0.3958333432674408,0.38333332538604736
302,AnghaLoops_TVT,cfgcallnoroot,all_features_bag_of_words,round1,0.4625000059604645,0.4166666567325592
303,AnghaLoops_TVT,lbp,all_features_O0,round1,0.2958333194255829,0.2958333194255829
304,AnghaLoops_TVT,cdfgplusnoroot,all_features_inst2vec_O0,round1,0.3375000059604645,0.34166666865348816
305,AnghaLoops_TVT,cdfgplusnoroot,all_features_bag_of_words_O0,round1,0.3097222149372101,0.3125
306,AnghaLoops_TVT,cdfgplusnoroot,all_features_ir2vec_O0,round1,0.2638888955116272,0.25
307,AnghaLoops_TVT,milepost,all_features_O0,round1,0.3583333194255829,0.375
308,AnghaLoops_TVT,cfgcallcompactnoroot,all_features_bag_of_words_O0,round1,0.5569444298744202,0.44999998807907104
309,AnghaLoops_TVT,cdfgcallnoroot,all_features_inst2vec_O0,round1,0.28333333134651184,0.2750000059604645
310,AnghaLoops_TVT,cdfgcallnoroot,all_features_bag_of_words_O0,round1,0.28611111640930176,0.2666666805744171
311,AnghaLoops_TVT,cdfgcallnoroot,all_features_ir2vec_O0,round1,0.2777777910232544,0.2666666805744171
312,AnghaLoops_TVT,programlnoroot,all_features_inst2vec_O0,round3,0.2944444417953491,0.2666666805744171
313,AnghaLoops_TVT,programlnoroot,all_features_bag_of_words_O0,round3,0.32777777314186096,0.3291666805744171
314,AnghaLoops_TVT,programlnoroot,all_features_ir2vec_O0,round3,0.34861111640930176,0.3375000059604645
315,AnghaLoops_TVT,cfgcallcompact1enoroot,all_features_inst2vec_O0,round3,0.3222222328186035,0.36250001192092896
316,AnghaLoops_TVT,cfgcallcompact1enoroot,all_features_bag_of_words_O0,round3,0.32083332538604736,0.3499999940395355
317,AnghaLoops_TVT,cfgcallcompact1enoroot,all_features_ir2vec_O0,round3,0.4124999940395355,0.38749998807907104
318,AnghaLoops_TVT,llvm_histogram,all_features_O0,round3,0.4166666567325592,0.4000000059604645
319,AnghaLoops_TVT,rbp,all_features_O0,round3,0.3236111104488373,0.3291666805744171
320,AnghaLoops_TVT,ir2vec.program,all_features_O0,round3,0.41527777910232544,0.38749998807907104
321,AnghaLoops_TVT,prog2image,all_features_O0,round3,0.4027777910232544,0.3291666805744171
322,AnghaLoops_TVT,cdfgcallcompact1enoroot,all_features_inst2vec_O0,round3,0.37361112236976624,0.3791666626930237
323,AnghaLoops_TVT,cdfgcallcompact1enoroot,all_features_bag_of_words_O0,round3,0.4749999940395355,0.42500001192092896
324,AnghaLoops_TVT,cdfgcallcompact1enoroot,all_features_ir2vec_O0,round3,0.4000000059604645,0.34166666865348816
325,AnghaLoops_TVT,cfgcallnoroot,all_features_inst2vec_O0,round3,0.2736110985279083,0.26249998807907104
326,AnghaLoops_TVT,cfgcallnoroot,all_features_ir2vec_O0,round3,0.39027777314186096,0.375
327,AnghaLoops_TVT,cfgcallnoroot,all_features_bag_of_words,round3,0.27916666865348816,0.27916666865348816
328,AnghaLoops_TVT,lbp,all_features_O0,round3,0.26527777314186096,0.25
329,AnghaLoops_TVT,cdfgplusnoroot,all_features_inst2vec_O0,round3,0.29722222685813904,0.2666666805744171
330,AnghaLoops_TVT,cdfgplusnoroot,all_features_bag_of_words_O0,round3,0.2680555582046509,0.25
331,AnghaLoops_TVT,cdfgplusnoroot,all_features_ir2vec_O0,round3,0.26249998807907104,0.2541666626930237
332,AnghaLoops_TVT,milepost,all_features_O0,round3,0.3722222149372101,0.42500001192092896
333,AnghaLoops_TVT,cfgcallcompactnoroot,all_features_bag_of_words_O0,round3,0.5083333253860474,0.4833333194255829
334,AnghaLoops_TVT,cdfgcallnoroot,all_features_inst2vec_O0,round3,0.3541666567325592,0.36250001192092896
335,AnghaLoops_TVT,cdfgcallnoroot,all_features_bag_of_words_O0,round3,0.43194442987442017,0.4208333194255829
336,AnghaLoops_TVT,cdfgcallnoroot,all_features_ir2vec_O0,round3,0.26944443583488464,0.2541666626930237
